<?xml version="1.0" encoding="UTF-8"?>
<project-private xmlns="http://www.netbeans.org/ns/project-private/1">
    <editor-bookmarks xmlns="http://www.netbeans.org/ns/editor-bookmarks/2" lastBookmarkId="0"/>
    <open-files xmlns="http://www.netbeans.org/ns/projectui-open-files/2">
        <group>
            <file>file:/C:/Users/mahaf/Desktop/CODEMAHA/CODEMAHA/src/traineeteachsystem/Course.java</file>
            <file>file:/C:/Users/mahaf/Desktop/CODEMAHA/CODEMAHA/src/traineeteachsystem/UserFactory.java</file>
            <file>file:/C:/Users/mahaf/Desktop/CODEMAHA/CODEMAHA/src/traineeteachsystem/TraineeTechSystem.java</file>
            <file>file:/C:/Users/mahaf/Desktop/CODEMAHA/CODEMAHA/src/traineeteachsystem/CoachProxy.java</file>
            <file>file:/C:/Users/mahaf/Desktop/CODEMAHA/CODEMAHA/src/traineeteachsystem/User.java</file>
            <file>file:/C:/Users/mahaf/Desktop/CODEMAHA/CODEMAHA/src/traineeteachsystem/TrainingManagementFacade.java</file>
            <file>file:/C:/Users/mahaf/Desktop/CODEMAHA/CODEMAHA/src/traineeteachsystem/ICoach.java</file>
            <file>file:/C:/Users/mahaf/Desktop/CODEMAHA/CODEMAHA/src/traineeteachsystem/Trainee.java</file>
            <file>file:/C:/Users/mahaf/Desktop/CODEMAHA/CODEMAHA/src/traineeteachsystem/Coach.java</file>
            <file>file:/C:/Users/mahaf/Desktop/CODEMAHA/CODEMAHA/src/traineeteachsystem/Observer.java</file>
            <file>file:/C:/Users/mahaf/Desktop/CODEMAHA/CODEMAHA/src/traineeteachsystem/Subject.java</file>
        </group>
    </open-files>
</project-private>
